{"cameraMode":{"drawMode":0,"name":"Shaded","section":"Shading Mode"},"sceneLighting":false,"audioPlay":false,"sceneViewState":{"showFog":true,"showMaterialUpdate":true,"showSkybox":false,"showFlares":true,"showImageEffects":true,"showParticleSystems":true},"in2DMode":false,"pivot":{"x":-0.9977754354476929,"y":0.6007951498031616,"z":-4.470348358154297e-8},"rotation":{"x":0.13993972539901734,"y":-0.0018002443248406053,"z":0.0002460890682414174,"w":0.9901748895645142},"size":1.3072415590286255,"orthographic":false}