{"cameraMode":{"drawMode":0,"name":"Shaded","section":"Shading Mode"},"sceneLighting":false,"audioPlay":false,"sceneViewState":{"showFog":true,"showMaterialUpdate":true,"showSkybox":false,"showFlares":true,"showImageEffects":true,"showParticleSystems":true},"in2DMode":false,"pivot":{"x":-1.4318227767944337,"y":0.987368643283844,"z":0.0068511515855789188},"rotation":{"x":0.24579082429409028,"y":-0.12578339874744416,"z":0.03218459710478783,"w":0.9605892896652222},"size":1.946204423904419,"orthographic":false}