{"cameraMode":{"drawMode":0,"name":"Shaded","section":"Shading Mode"},"sceneLighting":false,"audioPlay":false,"sceneViewState":{"showFog":true,"showMaterialUpdate":true,"showSkybox":false,"showFlares":true,"showImageEffects":true,"showParticleSystems":true},"in2DMode":false,"pivot":{"x":-3.2595605850219728,"y":-6.159273147583008,"z":12.58908462524414},"rotation":{"x":0.4770856499671936,"y":-0.014784930273890496,"z":0.008011172525584698,"w":0.8787235617637634},"size":12.98241138458252,"orthographic":false}