{"cameraMode":{"drawMode":0,"name":"Shaded","section":"Shading Mode"},"sceneLighting":false,"audioPlay":false,"sceneViewState":{"showFog":true,"showMaterialUpdate":true,"showSkybox":false,"showFlares":true,"showImageEffects":true,"showParticleSystems":true},"in2DMode":false,"pivot":{"x":8.239546775817871,"y":-3.6666183471679689,"z":22.89699935913086},"rotation":{"x":-0.03211350366473198,"y":-0.9606311917304993,"z":0.24580125510692597,"w":-0.12549790740013123},"size":22.36472511291504,"orthographic":false}