{"cameraMode":{"drawMode":0,"name":"Shaded","section":"Shading Mode"},"sceneLighting":false,"audioPlay":false,"sceneViewState":{"showFog":true,"showMaterialUpdate":true,"showSkybox":false,"showFlares":true,"showImageEffects":true,"showParticleSystems":true},"in2DMode":false,"pivot":{"x":248.4518280029297,"y":118.00750732421875,"z":378.2039794921875},"rotation":{"x":0.21286121010780335,"y":-0.0026412387378513815,"z":0.0005725463852286339,"w":0.9770888090133667},"size":403.6163330078125,"orthographic":false}