{"cameraMode":{"drawMode":0,"name":"Shaded","section":"Shading Mode"},"sceneLighting":false,"audioPlay":false,"sceneViewState":{"showFog":true,"showMaterialUpdate":true,"showSkybox":false,"showFlares":true,"showImageEffects":true,"showParticleSystems":true},"in2DMode":false,"pivot":{"x":0.537855863571167,"y":0.6729167699813843,"z":29.942203521728517},"rotation":{"x":-0.0065942611545324329,"y":-0.9773669242858887,"z":0.20923683047294618,"w":-0.0308175478130579},"size":0.7104604244232178,"orthographic":false}