{"cameraMode":{"drawMode":0,"name":"Shaded","section":"Shading Mode"},"sceneLighting":false,"audioPlay":false,"sceneViewState":{"showFog":true,"showMaterialUpdate":false,"showSkybox":false,"showFlares":true,"showImageEffects":true,"showParticleSystems":true},"in2DMode":false,"pivot":{"x":-0.012329578399658203,"y":6.878588676452637,"z":0.40325868129730227},"rotation":{"x":0.17755374312400819,"y":-2.416007305328094e-8,"z":9.50123002496639e-9,"w":0.9841116666793823},"size":7.967911243438721,"orthographic":false}