{"cameraMode":{"drawMode":0,"name":"Shaded","section":"Shading Mode"},"sceneLighting":false,"audioPlay":false,"sceneViewState":{"showFog":true,"showMaterialUpdate":true,"showSkybox":false,"showFlares":true,"showImageEffects":true,"showParticleSystems":true},"in2DMode":false,"pivot":{"x":1.4901161193847657e-8,"y":0.3417401611804962,"z":0.11479872465133667},"rotation":{"x":-0.03545333817601204,"y":-0.9416139125823975,"z":0.10494185984134674,"w":-0.31809917092323305},"size":0.6280637979507446,"orthographic":true}