{"cameraMode":{"drawMode":0,"name":"Shaded","section":"Shading Mode"},"sceneLighting":false,"audioPlay":false,"sceneViewState":{"showFog":true,"showMaterialUpdate":true,"showSkybox":false,"showFlares":true,"showImageEffects":true,"showParticleSystems":true},"in2DMode":false,"pivot":{"x":2.9802322387695315e-8,"y":0.2966518700122833,"z":-0.03625708818435669},"rotation":{"x":-0.01793539710342884,"y":-0.9820797443389893,"z":0.12888562679290772,"w":-0.1366802603006363},"size":0.4025357663631439,"orthographic":true}