{"cameraMode":{"drawMode":0,"name":"Shaded","section":"Shading Mode"},"sceneLighting":true,"audioPlay":false,"sceneViewState":{"showFog":true,"showMaterialUpdate":true,"showSkybox":true,"showFlares":true,"showImageEffects":true,"showParticleSystems":true},"in2DMode":false,"pivot":{"x":-1.987852931022644,"y":1.9694314002990723,"z":2.7990570068359377},"rotation":{"x":0.14851796627044679,"y":-0.1095283254981041,"z":0.016554763540625573,"w":0.9826894402503967},"size":6.226244926452637,"orthographic":false}