{"cameraMode":{"drawMode":0,"name":"Shaded","section":"Shading Mode"},"sceneLighting":false,"audioPlay":false,"sceneViewState":{"showFog":true,"showMaterialUpdate":false,"showSkybox":false,"showFlares":true,"showImageEffects":true,"showParticleSystems":true},"in2DMode":false,"pivot":{"x":0.8006632328033447,"y":2.227442741394043,"z":-6.962703704833984},"rotation":{"x":0.17583483457565309,"y":0.05165605619549751,"z":-0.009239861741662026,"w":0.9830219745635986},"size":2.84675669670105,"orthographic":false}