{"cameraMode":{"drawMode":0,"name":"Shaded","section":"Shading Mode"},"sceneLighting":false,"audioPlay":false,"sceneViewState":{"showFog":true,"showMaterialUpdate":true,"showSkybox":false,"showFlares":true,"showImageEffects":true,"showParticleSystems":true},"in2DMode":false,"pivot":{"x":339.001953125,"y":166.193359375,"z":-288.541015625},"rotation":{"x":-0.19895605742931367,"y":-0.35698506236076357,"z":0.07810573279857636,"w":-0.9093351364135742},"size":13.372049331665039,"orthographic":true}