{"cameraMode":{"drawMode":0,"name":"Shaded","section":"Shading Mode"},"sceneLighting":false,"audioPlay":false,"sceneViewState":{"showFog":true,"showMaterialUpdate":true,"showSkybox":false,"showFlares":true,"showImageEffects":true,"showParticleSystems":true},"in2DMode":false,"pivot":{"x":-1.6803677082061768,"y":1.6915130615234376,"z":0.022956818342208864},"rotation":{"x":0.24579082429409028,"y":-0.12578339874744416,"z":0.03218459710478783,"w":0.9605892896652222},"size":2.4668686389923097,"orthographic":false}