{"cameraMode":{"drawMode":0,"name":"Shaded","section":"Shading Mode"},"sceneLighting":false,"audioPlay":false,"sceneViewState":{"showFog":true,"showMaterialUpdate":true,"showSkybox":false,"showFlares":true,"showImageEffects":true,"showParticleSystems":true},"in2DMode":false,"pivot":{"x":-4.517362594604492,"y":3.9734740257263185,"z":-2.6078736782073976},"rotation":{"x":-0.15326514840126038,"y":-0.018371254205703737,"z":0.0028499653562903406,"w":-0.988010585308075},"size":7.8821916580200199,"orthographic":true}