{"cameraMode":{"drawMode":0,"name":"Shaded","section":"Shading Mode"},"sceneLighting":false,"audioPlay":false,"sceneViewState":{"showFog":true,"showMaterialUpdate":true,"showSkybox":false,"showFlares":true,"showImageEffects":true,"showParticleSystems":true},"in2DMode":false,"pivot":{"x":234.69174194335938,"y":3.107813835144043,"z":-208.04685974121095},"rotation":{"x":-0.11778096109628678,"y":-0.7218471169471741,"z":0.1268833428621292,"w":-0.6700516939163208},"size":5.32149600982666,"orthographic":false}