{"cameraMode":{"drawMode":0,"name":"Shaded","section":"Shading Mode"},"sceneLighting":false,"audioPlay":false,"sceneViewState":{"showFog":true,"showMaterialUpdate":true,"showSkybox":false,"showFlares":true,"showImageEffects":true,"showParticleSystems":true},"in2DMode":false,"pivot":{"x":13.212516784667969,"y":82.49990844726563,"z":-101.40357208251953},"rotation":{"x":0.22333858907222749,"y":-0.7702808380126953,"z":0.36216363310813906,"w":0.4750165343284607},"size":38.44049072265625,"orthographic":false}