{"cameraMode":{"drawMode":0,"name":"Shaded","section":"Shading Mode"},"sceneLighting":false,"audioPlay":false,"sceneViewState":{"showFog":true,"showMaterialUpdate":true,"showSkybox":false,"showFlares":true,"showImageEffects":true,"showParticleSystems":true},"in2DMode":false,"pivot":{"x":-8.285642623901368,"y":-60.32445526123047,"z":46.9192008972168},"rotation":{"x":0.012077338993549347,"y":0.987870454788208,"z":-0.11460977047681809,"w":0.10410811007022858},"size":1.3599727153778077,"orthographic":false}