{"cameraMode":{"drawMode":0,"name":"Shaded","section":"Shading Mode"},"sceneLighting":false,"audioPlay":false,"sceneViewState":{"showFog":true,"showMaterialUpdate":true,"showSkybox":false,"showFlares":true,"showImageEffects":true,"showParticleSystems":true},"in2DMode":false,"pivot":{"x":-15.0,"y":-3.8355064392089845,"z":129.39999389648438},"rotation":{"x":0.06331399828195572,"y":0.9257708191871643,"z":-0.1793866902589798,"w":0.32674652338027956},"size":80.08222961425781,"orthographic":true}