{"cameraMode":{"drawMode":0,"name":"Shaded","section":"Shading Mode"},"sceneLighting":false,"audioPlay":false,"sceneViewState":{"showFog":true,"showMaterialUpdate":true,"showSkybox":false,"showFlares":true,"showImageEffects":true,"showParticleSystems":true},"in2DMode":false,"pivot":{"x":63.217308044433597,"y":49.69000244140625,"z":14.310591697692871},"rotation":{"x":0.014533166773617268,"y":-0.5900231003761292,"z":0.010619637556374073,"w":0.8071908354759216},"size":55.793888092041019,"orthographic":false}