{"cameraMode":{"drawMode":0,"name":"Shaded","section":"Shading Mode"},"sceneLighting":false,"audioPlay":false,"sceneViewState":{"showFog":true,"showMaterialUpdate":true,"showSkybox":false,"showFlares":true,"showImageEffects":true,"showParticleSystems":true},"in2DMode":false,"pivot":{"x":529.40869140625,"y":-112.8353042602539,"z":278.6920166015625},"rotation":{"x":-0.24916628003120423,"y":-0.6873645782470703,"z":0.27414265275001528,"w":-0.6247361898422241},"size":250.83982849121095,"orthographic":false}