{"cameraMode":{"drawMode":0,"name":"Shaded","section":"Shading Mode"},"sceneLighting":false,"audioPlay":false,"sceneViewState":{"showFog":true,"showMaterialUpdate":true,"showSkybox":false,"showFlares":true,"showImageEffects":true,"showParticleSystems":true},"in2DMode":false,"pivot":{"x":-2.7488911151885988,"y":-0.45319700241088869,"z":47.485107421875},"rotation":{"x":0.20171970129013062,"y":-0.09065083414316178,"z":0.018752673640847207,"w":0.9750635027885437},"size":7.492962837219238,"orthographic":false}