{"cameraMode":{"drawMode":0,"name":"Shaded","section":"Shading Mode"},"sceneLighting":false,"audioPlay":false,"sceneViewState":{"showFog":true,"showMaterialUpdate":true,"showSkybox":false,"showFlares":true,"showImageEffects":true,"showParticleSystems":true},"in2DMode":false,"pivot":{"x":0.0,"y":0.3595072329044342,"z":16.725282669067384},"rotation":{"x":0.3477136492729187,"y":-0.04189389571547508,"z":0.015553208999335766,"w":0.9365401268005371},"size":17.926774978637697,"orthographic":false}