{"cameraMode":{"drawMode":0,"name":"Shaded","section":"Shading Mode"},"sceneLighting":false,"audioPlay":false,"sceneViewState":{"showFog":true,"showMaterialUpdate":true,"showSkybox":false,"showFlares":true,"showImageEffects":true,"showParticleSystems":true},"in2DMode":false,"pivot":{"x":38.69657516479492,"y":53.931095123291019,"z":-115.51105499267578},"rotation":{"x":-0.06514663994312287,"y":-0.8891278505325317,"z":0.4327927231788635,"w":-0.13383913040161134},"size":32.87577819824219,"orthographic":false}