{"cameraMode":{"drawMode":0,"name":"Shaded","section":"Shading Mode"},"sceneLighting":false,"audioPlay":false,"sceneViewState":{"showFog":true,"showMaterialUpdate":true,"showSkybox":false,"showFlares":true,"showImageEffects":true,"showParticleSystems":true},"in2DMode":false,"pivot":{"x":-3.915639877319336,"y":-0.49273765087127688,"z":-1.2840092182159424},"rotation":{"x":0.07778529822826386,"y":-0.828209638595581,"z":0.11882351338863373,"w":0.5421357750892639},"size":4.281131744384766,"orthographic":false}