{"cameraMode":{"drawMode":0,"name":"Shaded","section":"Shading Mode"},"sceneLighting":false,"audioPlay":false,"sceneViewState":{"showFog":true,"showMaterialUpdate":true,"showSkybox":false,"showFlares":true,"showImageEffects":true,"showParticleSystems":true},"in2DMode":false,"pivot":{"x":-8.790253639221192,"y":-60.29899215698242,"z":47.54182052612305},"rotation":{"x":0.190193310379982,"y":0.6825535297393799,"z":-0.19111019372940064,"w":0.6792868375778198},"size":1.059973120689392,"orthographic":false}