{"cameraMode":{"drawMode":0,"name":"Shaded","section":"Shading Mode"},"sceneLighting":false,"audioPlay":false,"sceneViewState":{"showFog":true,"showMaterialUpdate":true,"showSkybox":false,"showFlares":true,"showImageEffects":true,"showParticleSystems":true},"in2DMode":false,"pivot":{"x":-2.886871576309204,"y":-1.1322362422943116,"z":5.386987686157227},"rotation":{"x":0.1654944121837616,"y":-0.4026325047016144,"z":0.07425732165575028,"w":0.8972233533859253},"size":2.5697720050811769,"orthographic":false}